"ID","日期","縣市別","總人口數","前次累計接種人數更新","新增接種人數","累計接種人數","累計接種率 (%)","累計配送劑數","剩餘庫存量 (%)"
"154","2021-06-07","臺北市","2,581,006","130,077","4,740","134,817","5.22%","141,000","4.39%"
"155","2021-06-07","新北市","4,027,730","115,840","660","116,500","2.89%","106,300","0.00%"
"157","2021-06-07","臺中市","2,820,979","92,635","171","92,806","3.29%","89,400","0.00%"
"159","2021-06-07","高雄市","2,760,028","86,073","473","86,546","3.14%","83,400","0.00%"
"156","2021-06-07","桃園市","2,270,971","67,254","3,891","71,145","3.13%","81,100","12.27%"
"158","2021-06-07","臺南市","1,871,224","43,340","535","43,875","2.34%","43,000","0.00%"
"161","2021-06-07","彰化縣","1,262,673","28,167","590","28,757","2.28%","32,500","11.52%"
"163","2021-06-07","屏東縣","809,765","18,376","119","18,495","2.28%","17,400","0.00%"
"162","2021-06-07","雲林縣","674,622","13,967","0","13,967","2.07%","12,700","0.00%"
"166","2021-06-07","新竹市","452,229","13,313","567","13,880","3.07%","13,000","0.00%"
"160","2021-06-07","新竹縣","572,422","13,803","0","13,803","2.41%","13,600","0.00%"
"168","2021-06-07","嘉義市","265,416","12,403","359","12,762","4.81%","12,600","0.00%"
"170","2021-06-07","花蓮縣","323,441","11,954","799","12,753","3.94%","13,200","3.39%"
"165","2021-06-07","宜蘭縣","452,355","12,012","128","12,140","2.68%","11,600","0.00%"
"172","2021-06-07","南投縣","489,148","10,609","123","10,732","2.19%","9,900","0.00%"
"169","2021-06-07","嘉義縣","497,641","10,476","181","10,657","2.14%","10,400","0.00%"
"164","2021-06-07","基隆市","367,088","9,641","0","9,641","2.63%","11,600","16.89%"
"167","2021-06-07","苗栗縣","541,226","9,327","103","9,430","1.74%","9,400","0.00%"
"171","2021-06-07","臺東縣","214,599","5,532","0","5,532","2.58%","5,100","0.00%"
"173","2021-06-07","澎湖縣","105,905","2,762","219","2,981","2.81%","3,400","12.32%"
"174","2021-06-07","金門縣","140,325","2,112","55","2,167","1.54%","2,300","5.78%"
"175","2021-06-07","連江縣","13,403","1,334","99","1,433","10.69%","2,000","28.35%"
"220","2021-06-06","臺北市","2,581,006","117,345","10,842","128,187","4.97%","141,000","9.09%"
"221","2021-06-06","新北市","4,027,730","113,916","1,291","115,207","2.86%","106,300","0.00%"
"225","2021-06-06","高雄市","2,760,028","85,760","10","85,770","3.11%","83,400","0.00%"
"223","2021-06-06","臺中市","2,820,979","84,593","1,027","85,620","3.04%","89,400","4.23%"
"222","2021-06-06","桃園市","2,270,971","66,855","399","67,254","2.96%","81,100","17.07%"
"224","2021-06-06","臺南市","1,871,224","40,617","2,144","42,761","2.29%","43,000","0.56%"
"227","2021-06-06","彰化縣","1,262,673","28,060","93","28,153","2.23%","32,500","13.38%"
"229","2021-06-06","屏東縣","809,765","18,360","0","18,360","2.27%","17,400","0.00%"
"228","2021-06-06","雲林縣","674,622","13,623","344","13,967","2.07%","12,700","0.00%"
"226","2021-06-06","新竹縣","572,422","13,791","0","13,791","2.41%","13,600","0.00%"
"232","2021-06-06","新竹市","452,229","13,313","0","13,313","2.94%","13,000","0.00%"
"231","2021-06-06","宜蘭縣","452,355","11,900","95","11,995","2.65%","11,600","0.00%"
"234","2021-06-06","嘉義市","265,416","11,396","431","11,827","4.46%","12,600","6.13%"
"236","2021-06-06","花蓮縣","323,441","11,451","209","11,660","3.60%","13,200","11.67%"
"238","2021-06-06","南投縣","489,148","10,597","12","10,609","2.17%","9,900","0.00%"
"235","2021-06-06","嘉義縣","497,641","10,244","23","10,267","2.06%","10,400","1.28%"
"230","2021-06-06","基隆市","367,088","9,298","138","9,436","2.57%","11,600","18.66%"
"233","2021-06-06","苗栗縣","541,226","9,316","11","9,327","1.72%","9,400","0.78%"
"237","2021-06-06","臺東縣","214,599","5,404","73","5,477","2.55%","5,100","0.00%"
"239","2021-06-06","澎湖縣","105,905","2,761","0","2,761","2.61%","3,400","18.79%"
"240","2021-06-06","金門縣","140,325","2,111","0","2,111","1.50%","2,300","8.22%"
"241","2021-06-06","連江縣","13,403","1,271","63","1,334","9.95%","2,000","33.30%"
"611","2021-06-04","臺北市","2,581,006","104,663","11,254","115,917","4.49%","141,000","17.79%"
"612","2021-06-04","新北市","4,027,730","104,192","9,524","113,716","2.82%","106,300","0.00%"
"616","2021-06-04","高雄市","2,760,028","74,952","9,850","84,802","3.07%","83,400","0.00%"
"614","2021-06-04","臺中市","2,820,979","82,618","1,960","84,578","3.00%","89,400","5.39%"
"613","2021-06-04","桃園市","2,270,971","62,643","4,212","66,855","2.94%","81,100","17.56%"
"615","2021-06-04","臺南市","1,871,224","35,900","4,131","40,031","2.14%","43,000","6.90%"
"618","2021-06-04","彰化縣","1,262,673","26,478","1,502","27,980","2.22%","32,500","13.91%"
"620","2021-06-04","屏東縣","809,765","16,638","1,690","18,328","2.26%","17,400","0.00%"
"617","2021-06-04","新竹縣","572,422","13,175","616","13,791","2.41%","13,600","0.00%"
"619","2021-06-04","雲林縣","674,622","11,461","2,162","13,623","2.02%","12,700","0.00%"
"623","2021-06-04","新竹市","452,229","13,265","48","13,313","2.94%","13,000","0.00%"
"622","2021-06-04","宜蘭縣","452,355","11,175","725","11,900","2.63%","11,600","0.00%"
"627","2021-06-04","花蓮縣","323,441","10,495","956","11,451","3.54%","13,200","13.25%"
"625","2021-06-04","嘉義市","265,416","9,544","1,852","11,396","4.29%","12,600","9.56%"
"629","2021-06-04","南投縣","489,148","9,858","739","10,597","2.17%","9,900","0.00%"
"626","2021-06-04","嘉義縣","497,641","9,426","784","10,210","2.05%","10,400","1.83%"
"624","2021-06-04","苗栗縣","541,226","8,592","724","9,316","1.72%","9,400","0.89%"
"621","2021-06-04","基隆市","367,088","9,140","48","9,188","2.50%","11,600","20.79%"
"628","2021-06-04","臺東縣","214,599","4,574","709","5,283","2.46%","5,100","0.00%"
"630","2021-06-04","澎湖縣","105,905","2,515","246","2,761","2.61%","3,400","18.79%"
"631","2021-06-04","金門縣","140,325","1,710","401","2,111","1.50%","2,300","8.22%"
"632","2021-06-04","連江縣","13,403","1,118","153","1,271","9.48%","2,000","36.45%"
"287","2021-06-03","新北市","4,027,730","92,380","11,627","104,007","2.58%","106,300","2.16%"
"286","2021-06-03","臺北市","2,581,006","94,204","9,634","103,838","4.02%","140,900","26.30%"
"289","2021-06-03","臺中市","2,820,979","77,684","4,771","82,455","2.92%","84,300","2.19%"
"291","2021-06-03","高雄市","2,760,028","65,993","8,709","74,702","2.71%","83,400","10.43%"
"288","2021-06-03","桃園市","2,270,971","58,287","4,353","62,640","2.76%","70,600","11.27%"
"290","2021-06-03","臺南市","1,871,224","32,265","3,259","35,524","1.90%","43,000","17.39%"
"293","2021-06-03","彰化縣","1,262,673","24,777","1,413","26,190","2.07%","30,800","14.97%"
"295","2021-06-03","屏東縣","809,765","14,566","1,917","16,483","2.04%","17,400","5.27%"
"298","2021-06-03","新竹市","452,229","12,592","666","13,258","2.93%","12,400","0.00%"
"292","2021-06-03","新竹縣","572,422","11,807","1,361","13,168","2.30%","13,100","0.00%"
"294","2021-06-03","雲林縣","674,622","10,224","1,237","11,461","1.70%","12,700","9.76%"
"297","2021-06-03","宜蘭縣","452,355","10,242","831","11,073","2.45%","11,600","4.54%"
"302","2021-06-03","花蓮縣","323,441","10,324","95","10,419","3.22%","13,200","21.07%"
"304","2021-06-03","南投縣","489,148","8,979","879","9,858","2.02%","9,900","0.42%"
"300","2021-06-03","嘉義市","265,416","8,395","1,149","9,544","3.60%","12,600","24.25%"
"301","2021-06-03","嘉義縣","497,641","8,850","519","9,369","1.88%","10,400","9.91%"
"296","2021-06-03","基隆市","367,088","8,822","121","8,943","2.44%","9,500","5.86%"
"299","2021-06-03","苗栗縣","541,226","7,766","821","8,587","1.59%","8,800","2.42%"
"303","2021-06-03","臺東縣","214,599","3,795","666","4,461","2.08%","5,100","12.53%"
"305","2021-06-03","澎湖縣","105,905","2,287","228","2,515","2.37%","3,400","26.03%"
"306","2021-06-03","金門縣","140,325","1,403","307","1,710","1.22%","2,300","25.65%"
"307","2021-06-03","連江縣","13,403","944","173","1,117","8.33%","1,400","20.21%"
"352","2021-06-02","臺北市","2,581,006","84,995","8,700","93,695","3.63%","139,700","32.93%"
"353","2021-06-02","新北市","4,027,730","80,255","10,582","90,837","2.26%","106,300","14.55%"
"355","2021-06-02","臺中市","2,820,979","66,962","10,579","77,541","2.75%","83,600","7.25%"
"357","2021-06-02","高雄市","2,760,028","58,439","7,310","65,749","2.38%","81,800","19.62%"
"354","2021-06-02","桃園市","2,270,971","54,688","2,749","57,437","2.53%","70,200","18.18%"
"356","2021-06-02","臺南市","1,871,224","29,207","2,703","31,910","1.71%","43,000","25.79%"
"359","2021-06-02","彰化縣","1,262,673","23,786","959","24,745","1.96%","30,800","19.66%"
"361","2021-06-02","屏東縣","809,765","12,505","1,710","14,215","1.76%","16,900","15.89%"
"364","2021-06-02","新竹市","452,229","10,894","1,694","12,588","2.78%","12,300","0.00%"
"358","2021-06-02","新竹縣","572,422","10,505","1,291","11,796","2.06%","13,100","9.95%"
"368","2021-06-02","花蓮縣","323,441","9,519","756","10,275","3.18%","13,000","20.96%"
"363","2021-06-02","宜蘭縣","452,355","9,789","452","10,241","2.26%","11,600","11.72%"
"360","2021-06-02","雲林縣","674,622","8,662","1,562","10,224","1.52%","12,700","19.50%"
"370","2021-06-02","南投縣","489,148","7,670","1,309","8,979","1.84%","9,900","9.30%"
"367","2021-06-02","嘉義縣","497,641","8,119","721","8,840","1.78%","10,400","15.00%"
"362","2021-06-02","基隆市","367,088","8,343","123","8,466","2.31%","9,500","10.88%"
"366","2021-06-02","嘉義市","265,416","7,448","946","8,394","3.16%","12,600","33.38%"
"365","2021-06-02","苗栗縣","541,226","7,050","651","7,701","1.42%","8,800","12.49%"
"369","2021-06-02","臺東縣","214,599","3,030","764","3,794","1.77%","5,000","24.12%"
"371","2021-06-02","澎湖縣","105,905","2,075","210","2,285","2.16%","3,400","32.79%"
"372","2021-06-02","金門縣","140,325","1,184","219","1,403","1.00%","2,300","39.00%"
"373","2021-06-02","連江縣","13,403","747","167","914","6.82%","1,400","34.71%"
"264","2021-06-01","臺北市","2,581,006","81,693","2,650","84,343","3.27%","139,700","39.63%"
"265","2021-06-01","新北市","4,027,730","71,024","6,845","77,869","1.93%","106,300","26.75%"
"267","2021-06-01","臺中市","2,820,979","60,785","6,101","66,886","2.37%","73,600","9.12%"
"269","2021-06-01","高雄市","2,760,028","56,896","613","57,509","2.08%","81,800","29.70%"
"266","2021-06-01","桃園市","2,270,971","51,023","3,547","54,570","2.40%","70,200","22.26%"
"268","2021-06-01","臺南市","1,871,224","28,795","411","29,206","1.56%","43,000","32.08%"
"271","2021-06-01","彰化縣","1,262,673","21,448","2,134","23,582","1.87%","30,800","23.44%"
"273","2021-06-01","屏東縣","809,765","11,357","1,144","12,501","1.54%","16,900","26.03%"
"276","2021-06-01","新竹市","452,229","9,637","1,257","10,894","2.41%","12,300","11.43%"
"270","2021-06-01","新竹縣","572,422","8,605","1,882","10,487","1.83%","13,100","19.95%"
"275","2021-06-01","宜蘭縣","452,355","9,044","621","9,665","2.14%","11,600","16.68%"
"280","2021-06-01","花蓮縣","323,441","8,827","690","9,517","2.94%","13,000","26.79%"
"272","2021-06-01","雲林縣","674,622","6,719","1,619","8,338","1.24%","12,700","34.35%"
"274","2021-06-01","基隆市","367,088","8,128","0","8,128","2.21%","9,500","14.44%"
"279","2021-06-01","嘉義縣","497,641","7,285","794","8,079","1.62%","10,400","22.32%"
"282","2021-06-01","南投縣","489,148","7,119","551","7,670","1.57%","9,900","22.53%"
"278","2021-06-01","嘉義市","265,416","6,407","997","7,404","2.79%","12,600","41.24%"
"277","2021-06-01","苗栗縣","541,226","6,106","872","6,978","1.29%","8,800","20.70%"
"281","2021-06-01","臺東縣","214,599","2,909","109","3,018","1.41%","5,000","39.64%"
"283","2021-06-01","澎湖縣","105,905","1,712","290","2,002","1.89%","3,400","41.12%"
"284","2021-06-01","金門縣","140,325","1,049","135","1,184","0.84%","2,300","48.52%"
"285","2021-06-01","連江縣","13,403","650","97","747","5.57%","1,400","46.64%"
"523","2021-05-31","臺北市","2,581,006","74,666","4,087","78,753","3.05%","114,700","31.34%"
"524","2021-05-31","新北市","4,027,730","61,899","8,228","70,127","1.74%","106,300","34.03%"
"526","2021-05-31","臺中市","2,820,979","49,221","11,395","60,616","2.15%","63,600","4.69%"
"528","2021-05-31","高雄市","2,760,028","56,364","143","56,507","2.05%","81,800","30.92%"
"525","2021-05-31","桃園市","2,270,971","48,694","2,324","51,018","2.25%","68,100","25.08%"
"527","2021-05-31","臺南市","1,871,224","27,665","910","28,575","1.53%","43,000","33.55%"
"530","2021-05-31","彰化縣","1,262,673","20,828","605","21,433","1.70%","30,800","30.41%"
"532","2021-05-31","屏東縣","809,765","10,041","1,305","11,346","1.40%","16,900","32.86%"
"535","2021-05-31","新竹市","452,229","9,099","538","9,637","2.13%","12,300","21.65%"
"534","2021-05-31","宜蘭縣","452,355","8,463","496","8,959","1.98%","9,900","9.51%"
"539","2021-05-31","花蓮縣","323,441","8,374","396","8,770","2.71%","8,800","0.34%"
"529","2021-05-31","新竹縣","572,422","8,290","311","8,601","1.50%","11,700","26.49%"
"533","2021-05-31","基隆市","367,088","7,524","168","7,692","2.10%","9,500","19.03%"
"538","2021-05-31","嘉義縣","497,641","6,392","846","7,238","1.45%","10,400","30.40%"
"541","2021-05-31","南投縣","489,148","6,687","432","7,119","1.46%","9,900","28.09%"
"531","2021-05-31","雲林縣","674,622","5,889","643","6,532","0.97%","12,700","48.57%"
"537","2021-05-31","嘉義市","265,416","5,917","468","6,385","2.41%","12,600","49.33%"
"536","2021-05-31","苗栗縣","541,226","5,656","399","6,055","1.12%","8,800","31.19%"
"540","2021-05-31","臺東縣","214,599","2,419","454","2,873","1.34%","3,500","17.91%"
"542","2021-05-31","澎湖縣","105,905","1,611","101","1,712","1.62%","3,400","49.65%"
"543","2021-05-31","金門縣","140,325","1,049","0","1,049","0.75%","2,300","54.39%"
"544","2021-05-31","連江縣","13,403","584","66","650","4.85%","1,400","53.57%"
"457","2021-05-30","臺北市","2,581,006","63,926","5,905","69,831","2.71%","0","0.00%"
"458","2021-05-30","新北市","4,027,730","59,401","2,320","61,721","1.53%","0","0.00%"
"462","2021-05-30","高雄市","2,760,028","45,434","9,748","55,182","2.00%","0","0.00%"
"460","2021-05-30","臺中市","2,820,979","44,566","4,651","49,217","1.74%","0","0.00%"
"459","2021-05-30","桃園市","2,270,971","44,156","4,529","48,685","2.14%","0","0.00%"
"461","2021-05-30","臺南市","1,871,224","20,138","6,067","26,205","1.40%","0","0.00%"
"464","2021-05-30","彰化縣","1,262,673","20,284","484","20,768","1.64%","0","0.00%"
"466","2021-05-30","屏東縣","809,765","9,860","176","10,036","1.24%","0","0.00%"
"469","2021-05-30","新竹市","452,229","7,569","1,528","9,097","2.01%","0","0.00%"
"468","2021-05-30","宜蘭縣","452,355","8,366","88","8,454","1.87%","0","0.00%"
"473","2021-05-30","花蓮縣","323,441","8,227","125","8,352","2.58%","0","0.00%"
"463","2021-05-30","新竹縣","572,422","8,215","74","8,289","1.45%","0","0.00%"
"467","2021-05-30","基隆市","367,088","6,980","34","7,014","1.91%","0","0.00%"
"475","2021-05-30","南投縣","489,148","6,676","0","6,676","1.36%","0","0.00%"
"472","2021-05-30","嘉義縣","497,641","6,008","384","6,392","1.28%","0","0.00%"
"471","2021-05-30","嘉義市","265,416","5,811","100","5,911","2.23%","0","0.00%"
"470","2021-05-30","苗栗縣","541,226","5,633","22","5,655","1.04%","0","0.00%"
"465","2021-05-30","雲林縣","674,622","4,993","92","5,085","0.75%","0","0.00%"
"474","2021-05-30","臺東縣","214,599","2,419","0","2,419","1.13%","0","0.00%"
"476","2021-05-30","澎湖縣","105,905","1,590","0","1,590","1.50%","0","0.00%"
"477","2021-05-30","金門縣","140,325","1,049","0","1,049","0.75%","0","0.00%"
"478","2021-05-30","連江縣","13,403","582","0","582","4.34%","0","0.00%"
"67","2021-05-28","臺北市","2,581,006","58,547","5,164","63,711","2.47%","0","0.00%"
"68","2021-05-28","新北市","4,027,730","53,845","5,502","59,347","1.47%","0","0.00%"
"70","2021-05-28","臺中市","2,820,979","41,346","3,196","44,542","1.58%","0","0.00%"
"69","2021-05-28","桃園市","2,270,971","39,880","4,276","44,156","1.94%","0","0.00%"
"72","2021-05-28","高雄市","2,760,028","35,859","7,768","43,627","1.58%","0","0.00%"
"74","2021-05-28","彰化縣","1,262,673","18,582","1,685","20,267","1.61%","0","0.00%"
"71","2021-05-28","臺南市","1,871,224","14,682","4,762","19,444","1.04%","0","0.00%"
"76","2021-05-28","屏東縣","809,765","7,833","1,978","9,811","1.21%","0","0.00%"
"78","2021-05-28","宜蘭縣","452,355","7,685","681","8,366","1.85%","0","0.00%"
"83","2021-05-28","花蓮縣","323,441","6,822","1,405","8,227","2.54%","0","0.00%"
"73","2021-05-28","新竹縣","572,422","7,572","643","8,215","1.44%","0","0.00%"
"79","2021-05-28","新竹市","452,229","5,956","1,610","7,566","1.67%","0","0.00%"
"77","2021-05-28","基隆市","367,088","6,191","768","6,959","1.90%","0","0.00%"
"85","2021-05-28","南投縣","489,148","5,920","755","6,675","1.36%","0","0.00%"
"81","2021-05-28","嘉義市","265,416","4,960","851","5,811","2.19%","0","0.00%"
"80","2021-05-28","苗栗縣","541,226","5,031","580","5,611","1.04%","0","0.00%"
"82","2021-05-28","嘉義縣","497,641","4,961","499","5,460","1.10%","0","0.00%"
"75","2021-05-28","雲林縣","674,622","4,666","176","4,842","0.72%","0","0.00%"
"84","2021-05-28","臺東縣","214,599","2,017","402","2,419","1.13%","0","0.00%"
"86","2021-05-28","澎湖縣","105,905","1,524","66","1,590","1.50%","0","0.00%"
"87","2021-05-28","金門縣","140,325","896","153","1,049","0.75%","0","0.00%"
"88","2021-05-28","連江縣","13,403","582","0","582","4.34%","0","0.00%"
"176","2021-05-27","臺北市","2,581,006","57,291","1,066","58,357","2.26%","0","0.00%"
"177","2021-05-27","新北市","4,027,730","52,005","931","52,936","1.31%","0","0.00%"
"179","2021-05-27","臺中市","2,820,979","40,510","834","41,344","1.47%","0","0.00%"
"178","2021-05-27","桃園市","2,270,971","39,522","358","39,880","1.76%","0","0.00%"
"181","2021-05-27","高雄市","2,760,028","34,747","1,111","35,858","1.30%","0","0.00%"
"183","2021-05-27","彰化縣","1,262,673","18,144","416","18,560","1.47%","0","0.00%"
"180","2021-05-27","臺南市","1,871,224","14,562","120","14,682","0.78%","0","0.00%"
"185","2021-05-27","屏東縣","809,765","7,663","170","7,833","0.97%","0","0.00%"
"187","2021-05-27","宜蘭縣","452,355","7,334","351","7,685","1.70%","0","0.00%"
"182","2021-05-27","新竹縣","572,422","7,532","40","7,572","1.32%","0","0.00%"
"192","2021-05-27","花蓮縣","323,441","6,633","167","6,800","2.10%","0","0.00%"
"186","2021-05-27","基隆市","367,088","5,510","633","6,143","1.67%","0","0.00%"
"188","2021-05-27","新竹市","452,229","5,832","124","5,956","1.32%","0","0.00%"
"194","2021-05-27","南投縣","489,148","5,115","791","5,906","1.21%","0","0.00%"
"189","2021-05-27","苗栗縣","541,226","4,957","74","5,031","0.93%","0","0.00%"
"190","2021-05-27","嘉義市","265,416","4,772","188","4,960","1.87%","0","0.00%"
"184","2021-05-27","雲林縣","674,622","4,622","44","4,666","0.69%","0","0.00%"
"191","2021-05-27","嘉義縣","497,641","4,466","137","4,603","0.92%","0","0.00%"
"193","2021-05-27","臺東縣","214,599","2,006","11","2,017","0.94%","0","0.00%"
"195","2021-05-27","澎湖縣","105,905","1,415","87","1,502","1.42%","0","0.00%"
"196","2021-05-27","金門縣","140,325","863","33","896","0.64%","0","0.00%"
"197","2021-05-27","連江縣","13,403","518","11","529","3.95%","0","0.00%"
"23","2021-05-26","臺北市","2,581,006","55,223","1,706","56,929","2.21%","0","0.00%"
"24","2021-05-26","新北市","4,027,730","51,518","487","52,005","1.29%","0","0.00%"
"26","2021-05-26","臺中市","2,820,979","39,681","829","40,510","1.44%","0","0.00%"
"25","2021-05-26","桃園市","2,270,971","39,204","317","39,521","1.74%","0","0.00%"
"28","2021-05-26","高雄市","2,760,028","34,067","679","34,746","1.26%","0","0.00%"
"30","2021-05-26","彰化縣","1,262,673","17,766","282","18,048","1.43%","0","0.00%"
"27","2021-05-26","臺南市","1,871,224","14,376","186","14,562","0.78%","0","0.00%"
"32","2021-05-26","屏東縣","809,765","7,618","45","7,663","0.95%","0","0.00%"
"29","2021-05-26","新竹縣","572,422","7,286","246","7,532","1.32%","0","0.00%"
"34","2021-05-26","宜蘭縣","452,355","7,195","139","7,334","1.62%","0","0.00%"
"39","2021-05-26","花蓮縣","323,441","6,579","33","6,612","2.04%","0","0.00%"
"35","2021-05-26","新竹市","452,229","5,797","35","5,832","1.29%","0","0.00%"
"33","2021-05-26","基隆市","367,088","5,233","146","5,379","1.47%","0","0.00%"
"41","2021-05-26","南投縣","489,148","5,072","43","5,115","1.05%","0","0.00%"
"36","2021-05-26","苗栗縣","541,226","4,957","0","4,957","0.92%","0","0.00%"
"37","2021-05-26","嘉義市","265,416","4,523","111","4,634","1.75%","0","0.00%"
"31","2021-05-26","雲林縣","674,622","4,600","22","4,622","0.69%","0","0.00%"
"38","2021-05-26","嘉義縣","497,641","4,431","13","4,444","0.89%","0","0.00%"
"40","2021-05-26","臺東縣","214,599","1,982","24","2,006","0.93%","0","0.00%"
"42","2021-05-26","澎湖縣","105,905","1,391","24","1,415","1.34%","0","0.00%"
"43","2021-05-26","金門縣","140,325","810","53","863","0.62%","0","0.00%"
"44","2021-05-26","連江縣","13,403","486","32","518","3.86%","0","0.00%"
"198","2021-05-25","臺北市","2,581,006","52,879","2,347","55,226","2.14%","0","0.00%"
"199","2021-05-25","新北市","4,027,730","50,199","1,259","51,458","1.28%","0","0.00%"
"201","2021-05-25","臺中市","2,820,979","39,234","447","39,681","1.41%","0","0.00%"
"200","2021-05-25","桃園市","2,270,971","38,672","532","39,204","1.73%","0","0.00%"
"203","2021-05-25","高雄市","2,760,028","32,939","1,010","33,949","1.23%","0","0.00%"
"205","2021-05-25","彰化縣","1,262,673","17,245","510","17,755","1.41%","0","0.00%"
"202","2021-05-25","臺南市","1,871,224","13,880","482","14,362","0.77%","0","0.00%"
"207","2021-05-25","屏東縣","809,765","7,605","46","7,651","0.94%","0","0.00%"
"204","2021-05-25","新竹縣","572,422","7,195","111","7,306","1.28%","0","0.00%"
"209","2021-05-25","宜蘭縣","452,355","6,936","259","7,195","1.59%","0","0.00%"
"214","2021-05-25","花蓮縣","323,441","6,501","78","6,579","2.03%","0","0.00%"
"210","2021-05-25","新竹市","452,229","5,773","24","5,797","1.28%","0","0.00%"
"208","2021-05-25","基隆市","367,088","5,101","132","5,233","1.43%","0","0.00%"
"216","2021-05-25","南投縣","489,148","4,981","97","5,078","1.04%","0","0.00%"
"211","2021-05-25","苗栗縣","541,226","4,801","156","4,957","0.92%","0","0.00%"
"206","2021-05-25","雲林縣","674,622","4,486","114","4,600","0.68%","0","0.00%"
"212","2021-05-25","嘉義市","265,416","4,369","154","4,523","1.70%","0","0.00%"
"213","2021-05-25","嘉義縣","497,641","4,407","35","4,442","0.89%","0","0.00%"
"215","2021-05-25","臺東縣","214,599","1,946","36","1,982","0.92%","0","0.00%"
"217","2021-05-25","澎湖縣","105,905","1,333","58","1,391","1.31%","0","0.00%"
"218","2021-05-25","金門縣","140,325","788","22","810","0.58%","0","0.00%"
"219","2021-05-25","連江縣","13,403","409","77","486","3.63%","0","0.00%"
"45","2021-05-24","臺北市","2,581,006","51,262","2,100","53,362","2.07%","0","0.00%"
"46","2021-05-24","新北市","4,027,730","48,374","1,775","50,149","1.25%","0","0.00%"
"48","2021-05-24","臺中市","2,820,979","38,964","271","39,235","1.39%","0","0.00%"
"47","2021-05-24","桃園市","2,270,971","37,888","785","38,673","1.70%","0","0.00%"
"50","2021-05-24","高雄市","2,760,028","31,827","1,074","32,901","1.19%","0","0.00%"
"52","2021-05-24","彰化縣","1,262,673","16,939","162","17,101","1.35%","0","0.00%"
"49","2021-05-24","臺南市","1,871,224","13,529","350","13,879","0.74%","0","0.00%"
"54","2021-05-24","屏東縣","809,765","7,436","136","7,572","0.94%","0","0.00%"
"51","2021-05-24","新竹縣","572,422","6,950","213","7,163","1.25%","0","0.00%"
"56","2021-05-24","宜蘭縣","452,355","6,725","139","6,864","1.52%","0","0.00%"
"61","2021-05-24","花蓮縣","323,441","6,281","143","6,424","1.99%","0","0.00%"
"57","2021-05-24","新竹市","452,229","5,706","67","5,773","1.28%","0","0.00%"
"55","2021-05-24","基隆市","367,088","4,961","140","5,101","1.39%","0","0.00%"
"63","2021-05-24","南投縣","489,148","4,795","180","4,975","1.02%","0","0.00%"
"58","2021-05-24","苗栗縣","541,226","4,701","100","4,801","0.89%","0","0.00%"
"53","2021-05-24","雲林縣","674,622","4,429","57","4,486","0.66%","0","0.00%"
"60","2021-05-24","嘉義縣","497,641","4,219","155","4,374","0.88%","0","0.00%"
"59","2021-05-24","嘉義市","265,416","4,247","122","4,369","1.65%","0","0.00%"
"62","2021-05-24","臺東縣","214,599","1,864","82","1,946","0.91%","0","0.00%"
"64","2021-05-24","澎湖縣","105,905","1,274","59","1,333","1.26%","0","0.00%"
"65","2021-05-24","金門縣","140,325","788","0","788","0.56%","0","0.00%"
"66","2021-05-24","連江縣","13,403","409","0","409","3.05%","0","0.00%"
"435","2021-05-23","臺北市","2,581,006","50,383","879","51,262","1.99%","0","0.00%"
"436","2021-05-23","新北市","4,027,730","47,472","377","47,849","1.19%","0","0.00%"
"438","2021-05-23","臺中市","2,820,979","38,882","0","38,882","1.38%","0","0.00%"
"437","2021-05-23","桃園市","2,270,971","37,878","11","37,889","1.67%","0","0.00%"
"440","2021-05-23","高雄市","2,760,028","31,827","0","31,827","1.15%","0","0.00%"
"442","2021-05-23","彰化縣","1,262,673","16,891","1","16,892","1.34%","0","0.00%"
"439","2021-05-23","臺南市","1,871,224","12,990","467","13,457","0.72%","0","0.00%"
"444","2021-05-23","屏東縣","809,765","7,399","37","7,436","0.92%","0","0.00%"
"441","2021-05-23","新竹縣","572,422","6,846","105","6,951","1.21%","0","0.00%"
"446","2021-05-23","宜蘭縣","452,355","6,702","0","6,702","1.48%","0","0.00%"
"451","2021-05-23","花蓮縣","323,441","6,080","199","6,279","1.94%","0","0.00%"
"447","2021-05-23","新竹市","452,229","5,706","0","5,706","1.26%","0","0.00%"
"445","2021-05-23","基隆市","367,088","4,889","48","4,937","1.34%","0","0.00%"
"453","2021-05-23","南投縣","489,148","4,784","10","4,794","0.98%","0","0.00%"
"448","2021-05-23","苗栗縣","541,226","4,602","34","4,636","0.86%","0","0.00%"
"443","2021-05-23","雲林縣","674,622","4,395","34","4,429","0.66%","0","0.00%"
"449","2021-05-23","嘉義市","265,416","4,235","0","4,235","1.60%","0","0.00%"
"450","2021-05-23","嘉義縣","497,641","4,208","11","4,219","0.85%","0","0.00%"
"452","2021-05-23","臺東縣","214,599","1,835","10","1,845","0.86%","0","0.00%"
"454","2021-05-23","澎湖縣","105,905","1,274","0","1,274","1.20%","0","0.00%"
"455","2021-05-23","金門縣","140,325","788","0","788","0.56%","0","0.00%"
"456","2021-05-23","連江縣","13,403","409","0","409","3.05%","0","0.00%"
"720","2021-05-21","臺北市","2,581,006","47,263","3,099","50,362","1.95%","0","0.00%"
"721","2021-05-21","新北市","4,027,730","44,032","3,018","47,050","1.17%","0","0.00%"
"723","2021-05-21","臺中市","2,820,979","37,221","1,661","38,882","1.38%","0","0.00%"
"722","2021-05-21","桃園市","2,270,971","35,752","2,126","37,878","1.67%","0","0.00%"
"725","2021-05-21","高雄市","2,760,028","29,486","2,334","31,820","1.15%","0","0.00%"
"727","2021-05-21","彰化縣","1,262,673","15,613","1,169","16,782","1.33%","0","0.00%"
"724","2021-05-21","臺南市","1,871,224","12,561","429","12,990","0.69%","0","0.00%"
"729","2021-05-21","屏東縣","809,765","6,893","506","7,399","0.91%","0","0.00%"
"726","2021-05-21","新竹縣","572,422","6,452","394","6,846","1.20%","0","0.00%"
"731","2021-05-21","宜蘭縣","452,355","6,183","519","6,702","1.48%","0","0.00%"
"736","2021-05-21","花蓮縣","323,441","5,882","198","6,080","1.88%","0","0.00%"
"732","2021-05-21","新竹市","452,229","5,322","312","5,634","1.25%","0","0.00%"
"730","2021-05-21","基隆市","367,088","4,595","294","4,889","1.33%","0","0.00%"
"738","2021-05-21","南投縣","489,148","4,553","231","4,784","0.98%","0","0.00%"
"733","2021-05-21","苗栗縣","541,226","4,132","470","4,602","0.85%","0","0.00%"
"728","2021-05-21","雲林縣","674,622","4,057","338","4,395","0.65%","0","0.00%"
"734","2021-05-21","嘉義市","265,416","4,149","86","4,235","1.60%","0","0.00%"
"735","2021-05-21","嘉義縣","497,641","4,095","113","4,208","0.85%","0","0.00%"
"737","2021-05-21","臺東縣","214,599","1,724","111","1,835","0.86%","0","0.00%"
"739","2021-05-21","澎湖縣","105,905","1,172","102","1,274","1.20%","0","0.00%"
"740","2021-05-21","金門縣","140,325","678","110","788","0.56%","0","0.00%"
"741","2021-05-21","連江縣","13,403","376","33","409","3.05%","0","0.00%"
"396","2021-05-20","臺北市","2,581,006","45,143","1,823","46,966","1.82%","0","0.00%"
"397","2021-05-20","新北市","4,027,730","41,171","2,803","43,974","1.09%","0","0.00%"
"399","2021-05-20","臺中市","2,820,979","35,001","2,218","37,219","1.32%","0","0.00%"
"398","2021-05-20","桃園市","2,270,971","32,921","2,853","35,774","1.58%","0","0.00%"
"401","2021-05-20","高雄市","2,760,028","28,398","1,153","29,551","1.07%","0","0.00%"
"403","2021-05-20","彰化縣","1,262,673","14,471","1,050","15,521","1.23%","0","0.00%"
"400","2021-05-20","臺南市","1,871,224","12,160","323","12,483","0.67%","0","0.00%"
"405","2021-05-20","屏東縣","809,765","6,423","461","6,884","0.85%","0","0.00%"
"402","2021-05-20","新竹縣","572,422","6,325","153","6,478","1.13%","0","0.00%"
"407","2021-05-20","宜蘭縣","452,355","5,920","262","6,182","1.37%","0","0.00%"
"412","2021-05-20","花蓮縣","323,441","5,773","110","5,883","1.82%","0","0.00%"
"408","2021-05-20","新竹市","452,229","4,887","436","5,323","1.18%","0","0.00%"
"414","2021-05-20","南投縣","489,148","4,067","486","4,553","0.93%","0","0.00%"
"406","2021-05-20","基隆市","367,088","4,451","72","4,523","1.23%","0","0.00%"
"411","2021-05-20","嘉義縣","497,641","4,138","70","4,208","0.85%","0","0.00%"
"410","2021-05-20","嘉義市","265,416","4,007","139","4,146","1.56%","0","0.00%"
"404","2021-05-20","雲林縣","674,622","3,962","96","4,058","0.60%","0","0.00%"
"409","2021-05-20","苗栗縣","541,226","3,645","361","4,006","0.74%","0","0.00%"
"413","2021-05-20","臺東縣","214,599","1,577","123","1,700","0.79%","0","0.00%"
"415","2021-05-20","澎湖縣","105,905","1,065","114","1,179","1.11%","0","0.00%"
"416","2021-05-20","金門縣","140,325","590","88","678","0.48%","0","0.00%"
"417","2021-05-20","連江縣","13,403","320","38","358","2.67%","0","0.00%"
"655","2021-05-19","臺北市","2,581,006","42,657","1,118","43,775","1.70%","0","0.00%"
"656","2021-05-19","新北市","4,027,730","37,774","3,231","41,005","1.02%","0","0.00%"
"658","2021-05-19","臺中市","2,820,979","32,759","2,240","34,999","1.24%","0","0.00%"
"657","2021-05-19","桃園市","2,270,971","29,949","2,971","32,920","1.45%","0","0.00%"
"660","2021-05-19","高雄市","2,760,028","26,876","1,388","28,264","1.02%","0","0.00%"
"662","2021-05-19","彰化縣","1,262,673","12,981","1,473","14,454","1.14%","0","0.00%"
"659","2021-05-19","臺南市","1,871,224","11,295","844","12,139","0.65%","0","0.00%"
"664","2021-05-19","屏東縣","809,765","5,818","597","6,415","0.79%","0","0.00%"
"661","2021-05-19","新竹縣","572,422","5,861","464","6,325","1.10%","0","0.00%"
"666","2021-05-19","宜蘭縣","452,355","5,351","567","5,918","1.31%","0","0.00%"
"671","2021-05-19","花蓮縣","323,441","5,338","435","5,773","1.78%","0","0.00%"
"667","2021-05-19","新竹市","452,229","4,513","374","4,887","1.08%","0","0.00%"
"665","2021-05-19","基隆市","367,088","4,379","36","4,415","1.20%","0","0.00%"
"670","2021-05-19","嘉義縣","497,641","4,016","78","4,094","0.82%","0","0.00%"
"672","2021-05-19","南投縣","489,148","3,724","338","4,062","0.83%","0","0.00%"
"669","2021-05-19","嘉義市","265,416","3,828","179","4,007","1.51%","0","0.00%"
"663","2021-05-19","雲林縣","674,622","3,737","225","3,962","0.59%","0","0.00%"
"668","2021-05-19","苗栗縣","541,226","3,379","265","3,644","0.67%","0","0.00%"
"673","2021-05-19","澎湖縣","105,905","1,043","22","1,065","1.01%","0","0.00%"
"674","2021-05-19","金門縣","140,325","471","119","590","0.42%","0","0.00%"
"675","2021-05-19","連江縣","13,403","276","44","320","2.39%","0","0.00%"
"418","2021-05-18","臺北市","2,581,006","40,045","1,964","42,009","1.63%","0","0.00%"
"419","2021-05-18","新北市","4,027,730","32,809","3,996","36,805","0.91%","0","0.00%"
"421","2021-05-18","臺中市","2,820,979","29,635","3,002","32,637","1.16%","0","0.00%"
"420","2021-05-18","桃園市","2,270,971","26,558","3,391","29,949","1.32%","0","0.00%"
"423","2021-05-18","彰化縣","1,262,673","11,636","1,202","12,838","1.02%","0","0.00%"
"422","2021-05-18","臺南市","1,871,224","10,303","962","11,265","0.60%","0","0.00%"
"427","2021-05-18","宜蘭縣","452,355","4,580","771","5,351","1.18%","0","0.00%"
"431","2021-05-18","花蓮縣","323,441","4,926","311","5,237","1.62%","0","0.00%"
"426","2021-05-18","基隆市","367,088","3,851","504","4,355","1.19%","0","0.00%"
"430","2021-05-18","嘉義縣","497,641","3,623","391","4,014","0.81%","0","0.00%"
"429","2021-05-18","嘉義市","265,416","3,412","414","3,826","1.44%","0","0.00%"
"433","2021-05-18","南投縣","489,148","3,495","219","3,714","0.76%","0","0.00%"
"424","2021-05-18","雲林縣","674,622","2,836","570","3,406","0.50%","0","0.00%"
"428","2021-05-18","苗栗縣","541,226","3,052","304","3,356","0.62%","0","0.00%"
"432","2021-05-18","臺東縣","214,599","1,202","218","1,420","0.66%","0","0.00%"
"434","2021-05-18","澎湖縣","105,905","986","57","1,043","0.98%","0","0.00%"
"425","2021-05-18","屏東縣","809,765","531","1","496","0.06%","0","0.00%"
"111","2021-05-14","臺北市","2,581,006","27,489","3,905","31,394","1.22%","0","0.00%"
"112","2021-05-14","新北市","4,027,730","20,774","6,356","27,130","0.67%","0","0.00%"
"114","2021-05-14","臺中市","2,820,979","20,104","4,675","24,779","0.88%","0","0.00%"
"113","2021-05-14","桃園市","2,270,971","19,745","3,621","23,366","1.03%","0","0.00%"
"116","2021-05-14","高雄市","2,760,028","18,599","3,454","22,053","0.80%","0","0.00%"
"118","2021-05-14","彰化縣","1,262,673","7,056","2,176","9,232","0.73%","0","0.00%"
"115","2021-05-14","臺南市","1,871,224","7,753","840","8,593","0.46%","0","0.00%"
"120","2021-05-14","屏東縣","809,765","3,672","917","4,589","0.57%","0","0.00%"
"117","2021-05-14","新竹縣","572,422","3,749","826","4,575","0.80%","0","0.00%"
"127","2021-05-14","花蓮縣","323,441","3,225","657","3,882","1.20%","0","0.00%"
"122","2021-05-14","宜蘭縣","452,355","2,762","973","3,735","0.83%","0","0.00%"
"121","2021-05-14","基隆市","367,088","2,937","479","3,416","0.93%","0","0.00%"
"125","2021-05-14","嘉義市","265,416","2,748","458","3,206","1.21%","0","0.00%"
"128","2021-05-14","南投縣","489,148","2,553","466","3,019","0.62%","0","0.00%"
"123","2021-05-14","新竹市","452,229","2,494","414","2,908","0.64%","0","0.00%"
"124","2021-05-14","苗栗縣","541,226","2,152","604","2,756","0.51%","0","0.00%"
"126","2021-05-14","嘉義縣","497,641","2,253","469","2,722","0.55%","0","0.00%"
"119","2021-05-14","雲林縣","674,622","1,660","629","2,289","0.34%","0","0.00%"
"129","2021-05-14","澎湖縣","105,905","657","184","841","0.79%","0","0.00%"
"130","2021-05-14","金門縣","140,325","263","100","363","0.26%","0","0.00%"
"131","2021-05-14","連江縣","13,403","220","0","220","1.64%","0","0.00%"
"89","2021-05-07","臺北市","2,581,006","17,142","1,512","18,654","0.72%","0","0.00%"
"91","2021-05-07","桃園市","2,270,971","11,130","1,524","12,654","0.56%","0","0.00%"
"94","2021-05-07","高雄市","2,760,028","10,835","1,224","12,059","0.44%","0","0.00%"
"92","2021-05-07","臺中市","2,820,979","9,728","1,189","10,917","0.39%","0","0.00%"
"90","2021-05-07","新北市","4,027,730","9,588","1,237","10,825","0.27%","0","0.00%"
"93","2021-05-07","臺南市","1,871,224","4,366","345","4,711","0.25%","0","0.00%"
"96","2021-05-07","彰化縣","1,262,673","2,546","372","2,918","0.23%","0","0.00%"
"95","2021-05-07","新竹縣","572,422","2,087","310","2,397","0.42%","0","0.00%"
"105","2021-05-07","花蓮縣","323,441","1,685","166","1,851","0.57%","0","0.00%"
"98","2021-05-07","屏東縣","809,765","1,495","339","1,834","0.23%","0","0.00%"
"103","2021-05-07","嘉義市","265,416","1,537","202","1,739","0.66%","0","0.00%"
"99","2021-05-07","基隆市","367,088","1,395","310","1,705","0.46%","0","0.00%"
"100","2021-05-07","宜蘭縣","452,355","1,417","158","1,575","0.35%","0","0.00%"
"104","2021-05-07","嘉義縣","497,641","1,292","170","1,462","0.29%","0","0.00%"
"101","2021-05-07","新竹市","452,229","1,230","191","1,421","0.31%","0","0.00%"
"107","2021-05-07","南投縣","489,148","980","185","1,165","0.24%","0","0.00%"
"97","2021-05-07","雲林縣","674,622","903","141","1,044","0.15%","0","0.00%"
"102","2021-05-07","苗栗縣","541,226","806","163","969","0.18%","0","0.00%"
"106","2021-05-07","臺東縣","214,599","477","34","511","0.24%","0","0.00%"
"109","2021-05-07","金門縣","140,325","220","42","262","0.19%","0","0.00%"
"108","2021-05-07","澎湖縣","105,905","159","51","210","0.20%","0","0.00%"
"110","2021-05-07","連江縣","13,403","119","0","119","0.89%","0","0.00%"
"330","2021-05-02","臺北市","2,581,006","12,391","73","12,464","0.48%","0","0.00%"
"335","2021-05-02","高雄市","2,760,028","8,318","0","8,318","0.30%","0","0.00%"
"332","2021-05-02","桃園市","2,270,971","7,321","148","7,469","0.33%","0","0.00%"
"333","2021-05-02","臺中市","2,820,979","6,948","37","6,985","0.25%","0","0.00%"
"331","2021-05-02","新北市","4,027,730","6,504","0","6,504","0.16%","0","0.00%"
"334","2021-05-02","臺南市","1,871,224","3,218","0","3,218","0.17%","0","0.00%"
"337","2021-05-02","彰化縣","1,262,673","1,635","0","1,635","0.13%","0","0.00%"
"336","2021-05-02","新竹縣","572,422","1,569","0","1,569","0.27%","0","0.00%"
"339","2021-05-02","屏東縣","809,765","1,222","0","1,222","0.15%","0","0.00%"
"346","2021-05-02","花蓮縣","323,441","1,164","8","1,172","0.36%","0","0.00%"
"344","2021-05-02","嘉義市","265,416","1,140","0","1,140","0.43%","0","0.00%"
"341","2021-05-02","宜蘭縣","452,355","1,129","0","1,129","0.25%","0","0.00%"
"345","2021-05-02","嘉義縣","497,641","1,011","0","1,011","0.20%","0","0.00%"
"340","2021-05-02","基隆市","367,088","937","0","937","0.26%","0","0.00%"
"342","2021-05-02","新竹市","452,229","919","0","919","0.20%","0","0.00%"
"338","2021-05-02","雲林縣","674,622","675","21","696","0.10%","0","0.00%"
"343","2021-05-02","苗栗縣","541,226","571","0","571","0.11%","0","0.00%"
"348","2021-05-02","南投縣","489,148","561","0","561","0.11%","0","0.00%"
"347","2021-05-02","臺東縣","214,599","331","0","331","0.15%","0","0.00%"
"350","2021-05-02","金門縣","140,325","169","0","169","0.12%","0","0.00%"
"349","2021-05-02","澎湖縣","105,905","144","0","144","0.14%","0","0.00%"
"351","2021-05-02","連江縣","13,403","88","0","88","0.66%","0","0.00%"
"374","2021-04-30","臺北市","2,581,006","11,470","881","12,351","0.48%","0","0.00%"
"379","2021-04-30","高雄市","2,760,028","8,009","284","8,293","0.30%","0","0.00%"
"376","2021-04-30","桃園市","2,270,971","6,823","498","7,321","0.32%","0","0.00%"
"377","2021-04-30","臺中市","2,820,979","6,485","462","6,947","0.25%","0","0.00%"
"375","2021-04-30","新北市","4,027,730","5,956","548","6,504","0.16%","0","0.00%"
"378","2021-04-30","臺南市","1,871,224","3,112","106","3,218","0.17%","0","0.00%"
"381","2021-04-30","彰化縣","1,262,673","1,497","130","1,627","0.13%","0","0.00%"
"380","2021-04-30","新竹縣","572,422","1,412","149","1,561","0.27%","0","0.00%"
"383","2021-04-30","屏東縣","809,765","1,136","87","1,223","0.15%","0","0.00%"
"390","2021-04-30","花蓮縣","323,441","1,088","76","1,164","0.36%","0","0.00%"
"388","2021-04-30","嘉義市","265,416","1,051","89","1,140","0.43%","0","0.00%"
"385","2021-04-30","宜蘭縣","452,355","1,075","54","1,129","0.25%","0","0.00%"
"389","2021-04-30","嘉義縣","497,641","1,011","0","1,011","0.20%","0","0.00%"
"384","2021-04-30","基隆市","367,088","877","60","937","0.26%","0","0.00%"
"386","2021-04-30","新竹市","452,229","828","91","919","0.20%","0","0.00%"
"382","2021-04-30","雲林縣","674,622","609","65","674","0.10%","0","0.00%"
"387","2021-04-30","苗栗縣","541,226","528","43","571","0.11%","0","0.00%"
"392","2021-04-30","南投縣","489,148","532","29","561","0.11%","0","0.00%"
"391","2021-04-30","臺東縣","214,599","321","11","332","0.15%","0","0.00%"
"394","2021-04-30","金門縣","140,325","142","27","169","0.12%","0","0.00%"
"393","2021-04-30","澎湖縣","105,905","144","0","144","0.14%","0","0.00%"
"395","2021-04-30","連江縣","13,403","88","0","88","0.66%","0","0.00%"
"567","2021-04-16","臺北市","2,581,006","6,033","426","6,459","0.25%","0","0.00%"
"572","2021-04-16","高雄市","2,760,028","5,216","549","5,765","0.21%","0","0.00%"
"570","2021-04-16","臺中市","2,820,979","3,734","151","3,885","0.14%","0","0.00%"
"569","2021-04-16","桃園市","2,270,971","3,280","232","3,512","0.15%","0","0.00%"
"568","2021-04-16","新北市","4,027,730","2,813","148","2,961","0.07%","0","0.00%"
"571","2021-04-16","臺南市","1,871,224","2,157","190","2,347","0.13%","0","0.00%"
"574","2021-04-16","彰化縣","1,262,673","803","66","869","0.07%","0","0.00%"
"576","2021-04-16","屏東縣","809,765","761","71","832","0.10%","0","0.00%"
"583","2021-04-16","花蓮縣","323,441","754","43","797","0.25%","0","0.00%"
"582","2021-04-16","嘉義縣","497,641","743","28","771","0.15%","0","0.00%"
"573","2021-04-16","新竹縣","572,422","698","64","762","0.13%","0","0.00%"
"578","2021-04-16","宜蘭縣","452,355","632","29","661","0.15%","0","0.00%"
"581","2021-04-16","嘉義市","265,416","534","51","585","0.22%","0","0.00%"
"579","2021-04-16","新竹市","452,229","491","20","511","0.11%","0","0.00%"
"577","2021-04-16","基隆市","367,088","400","0","400","0.11%","0","0.00%"
"580","2021-04-16","苗栗縣","541,226","306","0","306","0.06%","0","0.00%"
"575","2021-04-16","雲林縣","674,622","256","41","297","0.04%","0","0.00%"
"585","2021-04-16","南投縣","489,148","201","64","265","0.05%","0","0.00%"
"584","2021-04-16","臺東縣","214,599","165","22","187","0.09%","0","0.00%"
"586","2021-04-16","澎湖縣","105,905","80","10","90","0.08%","0","0.00%"
"587","2021-04-16","金門縣","140,325","48","29","77","0.05%","0","0.00%"
"588","2021-04-16","連江縣","13,403","50","0","50","0.37%","0","0.00%"
"501","2021-04-15","臺北市","2,581,006","5,630","403","6,033","0.23%","0","0.00%"
"506","2021-04-15","高雄市","2,760,028","4,912","293","5,205","0.19%","0","0.00%"
"504","2021-04-15","臺中市","2,820,979","3,629","104","3,733","0.13%","0","0.00%"
"503","2021-04-15","桃園市","2,270,971","3,180","100","3,280","0.14%","0","0.00%"
"502","2021-04-15","新北市","4,027,730","2,744","69","2,813","0.07%","0","0.00%"
"505","2021-04-15","臺南市","1,871,224","1,935","118","2,053","0.11%","0","0.00%"
"508","2021-04-15","彰化縣","1,262,673","730","73","803","0.06%","0","0.00%"
"510","2021-04-15","屏東縣","809,765","697","64","761","0.09%","0","0.00%"
"517","2021-04-15","花蓮縣","323,441","754","0","754","0.23%","0","0.00%"
"516","2021-04-15","嘉義縣","497,641","732","11","743","0.15%","0","0.00%"
"507","2021-04-15","新竹縣","572,422","698","0","698","0.12%","0","0.00%"
"512","2021-04-15","宜蘭縣","452,355","595","37","632","0.14%","0","0.00%"
"515","2021-04-15","嘉義市","265,416","502","32","534","0.20%","0","0.00%"
"513","2021-04-15","新竹市","452,229","439","52","491","0.11%","0","0.00%"
"511","2021-04-15","基隆市","367,088","333","67","400","0.11%","0","0.00%"
"514","2021-04-15","苗栗縣","541,226","258","48","306","0.06%","0","0.00%"
"509","2021-04-15","雲林縣","674,622","256","0","256","0.04%","0","0.00%"
"519","2021-04-15","南投縣","489,148","180","21","201","0.04%","0","0.00%"
"518","2021-04-15","臺東縣","214,599","155","10","165","0.08%","0","0.00%"
"520","2021-04-15","澎湖縣","105,905","80","0","80","0.08%","0","0.00%"
"522","2021-04-15","連江縣","13,403","10","40","50","0.37%","0","0.00%"
"521","2021-04-15","金門縣","140,325","48","0","48","0.03%","0","0.00%"
"479","2021-04-14","臺北市","2,581,006","5,630","403","6,033","0.23%","0","0.00%"
"484","2021-04-14","高雄市","2,760,028","4,912","293","5,205","0.19%","0","0.00%"
"482","2021-04-14","臺中市","2,820,979","3,629","104","3,733","0.13%","0","0.00%"
"481","2021-04-14","桃園市","2,270,971","3,180","100","3,280","0.14%","0","0.00%"
"480","2021-04-14","新北市","4,027,730","2,744","69","2,813","0.07%","0","0.00%"
"483","2021-04-14","臺南市","1,871,224","1,935","118","2,053","0.11%","0","0.00%"
"486","2021-04-14","彰化縣","1,262,673","730","73","803","0.06%","0","0.00%"
"488","2021-04-14","屏東縣","809,765","697","64","761","0.09%","0","0.00%"
"495","2021-04-14","花蓮縣","323,441","754","0","754","0.23%","0","0.00%"
"494","2021-04-14","嘉義縣","497,641","732","11","743","0.15%","0","0.00%"
"485","2021-04-14","新竹縣","572,422","698","0","698","0.12%","0","0.00%"
"490","2021-04-14","宜蘭縣","452,355","595","37","632","0.14%","0","0.00%"
"493","2021-04-14","嘉義市","265,416","502","32","534","0.20%","0","0.00%"
"491","2021-04-14","新竹市","452,229","439","52","491","0.11%","0","0.00%"
"489","2021-04-14","基隆市","367,088","333","67","400","0.11%","0","0.00%"
"492","2021-04-14","苗栗縣","541,226","258","48","306","0.06%","0","0.00%"
"487","2021-04-14","雲林縣","674,622","256","0","256","0.04%","0","0.00%"
"497","2021-04-14","南投縣","489,148","180","21","201","0.04%","0","0.00%"
"496","2021-04-14","臺東縣","214,599","155","10","165","0.08%","0","0.00%"
"498","2021-04-14","澎湖縣","105,905","80","0","80","0.08%","0","0.00%"
"500","2021-04-14","連江縣","13,403","10","40","50","0.37%","0","0.00%"
"499","2021-04-14","金門縣","140,325","48","0","48","0.03%","0","0.00%"
"308","2021-04-07","臺北市","2,581,006","3,355","357","3,712","0.14%","0","0.00%"
"313","2021-04-07","高雄市","2,760,028","3,201","186","3,387","0.12%","0","0.00%"
"311","2021-04-07","臺中市","2,820,979","2,525","321","2,846","0.10%","0","0.00%"
"310","2021-04-07","桃園市","2,270,971","2,236","88","2,324","0.10%","0","0.00%"
"309","2021-04-07","新北市","4,027,730","2,036","84","2,120","0.05%","0","0.00%"
"312","2021-04-07","臺南市","1,871,224","1,361","51","1,412","0.08%","0","0.00%"
"323","2021-04-07","嘉義縣","497,641","517","35","552","0.11%","0","0.00%"
"324","2021-04-07","花蓮縣","323,441","476","62","538","0.17%","0","0.00%"
"314","2021-04-07","新竹縣","572,422","519","11","530","0.09%","0","0.00%"
"315","2021-04-07","彰化縣","1,262,673","456","60","516","0.04%","0","0.00%"
"319","2021-04-07","宜蘭縣","452,355","412","42","454","0.10%","0","0.00%"
"317","2021-04-07","屏東縣","809,765","325","11","336","0.04%","0","0.00%"
"320","2021-04-07","新竹市","452,229","265","20","285","0.06%","0","0.00%"
"322","2021-04-07","嘉義市","265,416","257","11","268","0.10%","0","0.00%"
"318","2021-04-07","基隆市","367,088","214","12","226","0.06%","0","0.00%"
"321","2021-04-07","苗栗縣","541,226","164","0","164","0.03%","0","0.00%"
"316","2021-04-07","雲林縣","674,622","84","44","128","0.02%","0","0.00%"
"325","2021-04-07","臺東縣","214,599","124","0","124","0.06%","0","0.00%"
"326","2021-04-07","南投縣","489,148","83","0","83","0.02%","0","0.00%"
"327","2021-04-07","澎湖縣","105,905","50","0","50","0.05%","0","0.00%"
"328","2021-04-07","金門縣","140,325","20","0","20","0.01%","0","0.00%"
"329","2021-04-07","連江縣","13,403","0","0","0","0.00%","0","0.00%"
"137","2021-04-05","高雄市","2,760,028","3,055","30","3,085","0.11%","0","0.00%"
"132","2021-04-05","臺北市","2,581,006","2,944","63","3,007","0.12%","0","0.00%"
"135","2021-04-05","臺中市","2,820,979","2,300","0","2,300","0.08%","0","0.00%"
"134","2021-04-05","桃園市","2,270,971","2,064","0","2,064","0.09%","0","0.00%"
"133","2021-04-05","新北市","4,027,730","1,908","21","1,929","0.05%","0","0.00%"
"136","2021-04-05","臺南市","1,871,224","1,210","0","1,210","0.06%","0","0.00%"
"147","2021-04-05","嘉義縣","497,641","473","22","495","0.10%","0","0.00%"
"138","2021-04-05","新竹縣","572,422","488","0","488","0.09%","0","0.00%"
"148","2021-04-05","花蓮縣","323,441","476","0","476","0.15%","0","0.00%"
"139","2021-04-05","彰化縣","1,262,673","430","0","430","0.03%","0","0.00%"
"143","2021-04-05","宜蘭縣","452,355","379","0","379","0.08%","0","0.00%"
"141","2021-04-05","屏東縣","809,765","315","0","315","0.04%","0","0.00%"
"144","2021-04-05","新竹市","452,229","244","0","244","0.05%","0","0.00%"
"146","2021-04-05","嘉義市","265,416","184","21","205","0.08%","0","0.00%"
"142","2021-04-05","基隆市","367,088","166","0","166","0.05%","0","0.00%"
"145","2021-04-05","苗栗縣","541,226","122","10","132","0.02%","0","0.00%"
"149","2021-04-05","臺東縣","214,599","113","0","113","0.05%","0","0.00%"
"150","2021-04-05","南投縣","489,148","73","0","73","0.01%","0","0.00%"
"140","2021-04-05","雲林縣","674,622","64","0","64","0.01%","0","0.00%"
"151","2021-04-05","澎湖縣","105,905","50","0","50","0.05%","0","0.00%"
"152","2021-04-05","金門縣","140,325","20","0","20","0.01%","0","0.00%"
"153","2021-04-05","連江縣","13,403","0","0","0","0.00%","0","0.00%"
"594","2021-04-04","高雄市","2,760,028","3,055","30","3,085","0.11%","0","0.00%"
"589","2021-04-04","臺北市","2,581,006","2,944","63","3,007","0.12%","0","0.00%"
"592","2021-04-04","臺中市","2,820,979","2,300","0","2,300","0.08%","0","0.00%"
"591","2021-04-04","桃園市","2,270,971","2,064","0","2,064","0.09%","0","0.00%"
"590","2021-04-04","新北市","4,027,730","1,908","21","1,929","0.05%","0","0.00%"
"593","2021-04-04","臺南市","1,871,224","1,210","0","1,210","0.06%","0","0.00%"
"604","2021-04-04","嘉義縣","497,641","473","22","495","0.10%","0","0.00%"
"595","2021-04-04","新竹縣","572,422","488","0","488","0.09%","0","0.00%"
"605","2021-04-04","花蓮縣","323,441","476","0","476","0.15%","0","0.00%"
"596","2021-04-04","彰化縣","1,262,673","430","0","430","0.03%","0","0.00%"
"600","2021-04-04","宜蘭縣","452,355","379","0","379","0.08%","0","0.00%"
"598","2021-04-04","屏東縣","809,765","315","0","315","0.04%","0","0.00%"
"601","2021-04-04","新竹市","452,229","244","0","244","0.05%","0","0.00%"
"603","2021-04-04","嘉義市","265,416","184","21","205","0.08%","0","0.00%"
"599","2021-04-04","基隆市","367,088","166","0","166","0.05%","0","0.00%"
"602","2021-04-04","苗栗縣","541,226","122","10","132","0.02%","0","0.00%"
"606","2021-04-04","臺東縣","214,599","113","0","113","0.05%","0","0.00%"
"607","2021-04-04","南投縣","489,148","73","0","73","0.01%","0","0.00%"
"597","2021-04-04","雲林縣","674,622","64","0","64","0.01%","0","0.00%"
"608","2021-04-04","澎湖縣","105,905","50","0","50","0.05%","0","0.00%"
"609","2021-04-04","金門縣","140,325","20","0","20","0.01%","0","0.00%"
"610","2021-04-04","連江縣","13,403","0","0","0","0.00%","0","0.00%"
"681","2021-04-03","高雄市","2,760,028","3,055","0","3,055","0.11%","0","0.00%"
"676","2021-04-03","臺北市","2,581,006","2,944","0","2,944","0.11%","0","0.00%"
"679","2021-04-03","臺中市","2,820,979","2,300","0","2,300","0.08%","0","0.00%"
"678","2021-04-03","桃園市","2,270,971","2,064","0","2,064","0.09%","0","0.00%"
"677","2021-04-03","新北市","4,027,730","1,908","0","1,908","0.05%","0","0.00%"
"680","2021-04-03","臺南市","1,871,224","1,210","0","1,210","0.06%","0","0.00%"
"682","2021-04-03","新竹縣","572,422","488","0","488","0.09%","0","0.00%"
"692","2021-04-03","花蓮縣","323,441","476","0","476","0.15%","0","0.00%"
"691","2021-04-03","嘉義縣","497,641","473","0","473","0.10%","0","0.00%"
"683","2021-04-03","彰化縣","1,262,673","430","0","430","0.03%","0","0.00%"
"687","2021-04-03","宜蘭縣","452,355","379","0","379","0.08%","0","0.00%"
"685","2021-04-03","屏東縣","809,765","315","0","315","0.04%","0","0.00%"
"688","2021-04-03","新竹市","452,229","244","0","244","0.05%","0","0.00%"
"690","2021-04-03","嘉義市","265,416","184","0","184","0.07%","0","0.00%"
"686","2021-04-03","基隆市","367,088","166","0","166","0.05%","0","0.00%"
"689","2021-04-03","苗栗縣","541,226","122","0","122","0.02%","0","0.00%"
"693","2021-04-03","臺東縣","214,599","113","0","113","0.05%","0","0.00%"
"694","2021-04-03","南投縣","489,148","73","0","73","0.01%","0","0.00%"
"684","2021-04-03","雲林縣","674,622","64","0","64","0.01%","0","0.00%"
"695","2021-04-03","澎湖縣","105,905","50","0","50","0.05%","0","0.00%"
"696","2021-04-03","金門縣","140,325","20","0","20","0.01%","0","0.00%"
"697","2021-04-03","連江縣","13,403","0","0","0","0.00%","0","0.00%"
"550","2021-04-02","高雄市","2,760,028","3,005","50","3,055","0.11%","0","0.00%"
"545","2021-04-02","臺北市","2,581,006","2,858","86","2,944","0.11%","0","0.00%"
"548","2021-04-02","臺中市","2,820,979","2,268","32","2,300","0.08%","0","0.00%"
"547","2021-04-02","桃園市","2,270,971","1,974","90","2,064","0.09%","0","0.00%"
"546","2021-04-02","新北市","4,027,730","1,694","192","1,886","0.05%","0","0.00%"
"549","2021-04-02","臺南市","1,871,224","1,210","0","1,210","0.06%","0","0.00%"
"551","2021-04-02","新竹縣","572,422","477","11","488","0.09%","0","0.00%"
"561","2021-04-02","花蓮縣","323,441","443","33","476","0.15%","0","0.00%"
"560","2021-04-02","嘉義縣","497,641","473","0","473","0.10%","0","0.00%"
"552","2021-04-02","彰化縣","1,262,673","404","26","430","0.03%","0","0.00%"
"556","2021-04-02","宜蘭縣","452,355","379","0","379","0.08%","0","0.00%"
"554","2021-04-02","屏東縣","809,765","305","10","315","0.04%","0","0.00%"
"557","2021-04-02","新竹市","452,229","223","21","244","0.05%","0","0.00%"
"559","2021-04-02","嘉義市","265,416","129","55","184","0.07%","0","0.00%"
"555","2021-04-02","基隆市","367,088","166","0","166","0.05%","0","0.00%"
"558","2021-04-02","苗栗縣","541,226","122","0","122","0.02%","0","0.00%"
"562","2021-04-02","臺東縣","214,599","113","0","113","0.05%","0","0.00%"
"563","2021-04-02","南投縣","489,148","73","0","73","0.01%","0","0.00%"
"553","2021-04-02","雲林縣","674,622","64","0","64","0.01%","0","0.00%"
"564","2021-04-02","澎湖縣","105,905","50","0","50","0.05%","0","0.00%"
"565","2021-04-02","金門縣","140,325","20","0","20","0.01%","0","0.00%"
"566","2021-04-02","連江縣","13,403","0","0","0","0.00%","0","0.00%"
"3","2021-03-24","桃園市","2,270,971","765","324","1,089","0.05%","0","0.00%"
"6","2021-03-24","高雄市","2,760,028","678","402","1,080","0.04%","0","0.00%"
"4","2021-03-24","臺中市","2,820,979","371","281","652","0.02%","0","0.00%"
"2","2021-03-24","新北市","4,027,730","239","203","442","0.01%","0","0.00%"
"5","2021-03-24","臺南市","1,871,224","121","121","242","0.01%","0","0.00%"
"1","2021-03-24","臺北市","2,581,006","48","5","222","0.01%","0","0.00%"
"7","2021-03-24","新竹縣","572,422","112","63","175","0.03%","0","0.00%"
"17","2021-03-24","花蓮縣","323,441","46","122","168","0.05%","0","0.00%"
"10","2021-03-24","屏東縣","809,765","84","47","131","0.02%","0","0.00%"
"16","2021-03-24","嘉義縣","497,641","66","33","99","0.02%","0","0.00%"
"12","2021-03-24","宜蘭縣","452,355","52","41","93","0.02%","0","0.00%"
"8","2021-03-24","彰化縣","1,262,673","34","32","66","0.01%","0","0.00%"
"13","2021-03-24","新竹市","452,229","10","50","60","0.01%","0","0.00%"
"18","2021-03-24","臺東縣","214,599","51","0","51","0.02%","0","0.00%"
"15","2021-03-24","嘉義市","265,416","33","0","33","0.01%","0","0.00%"
"14","2021-03-24","苗栗縣","541,226","21","0","21","0.00%","0","0.00%"
"19","2021-03-24","南投縣","489,148","19","0","19","0.00%","0","0.00%"
"9","2021-03-24","雲林縣","674,622","11","0","11","0.00%","0","0.00%"
"11","2021-03-24","基隆市","367,088","10","0","10","0.00%","0","0.00%"
"20","2021-03-24","澎湖縣","105,905","10","0","10","0.01%","0","0.00%"
"21","2021-03-24","金門縣","140,325","0","10","10","0.01%","0","0.00%"
"22","2021-03-24","連江縣","13,403","0","0","0","0.00%","0","0.00%"
"700","2021-03-23","桃園市","2,270,971","343","422","765","0.03%","0","0.00%"
"703","2021-03-23","高雄市","2,760,028","353","325","678","0.02%","0","0.00%"
"698","2021-03-23","臺北市","2,581,006","302","184","486","0.02%","0","0.00%"
"701","2021-03-23","臺中市","2,820,979","103","268","371","0.01%","0","0.00%"
"699","2021-03-23","新北市","4,027,730","131","107","238","0.01%","0","0.00%"
"702","2021-03-23","臺南市","1,871,224","50","71","121","0.01%","0","0.00%"
"704","2021-03-23","新竹縣","572,422","45","67","112","0.02%","0","0.00%"
"707","2021-03-23","屏東縣","809,765","40","44","84","0.01%","0","0.00%"
"713","2021-03-23","嘉義縣","497,641","33","33","66","0.01%","0","0.00%"
"709","2021-03-23","宜蘭縣","452,355","52","0","52","0.01%","0","0.00%"
"715","2021-03-23","臺東縣","214,599","10","41","51","0.02%","0","0.00%"
"714","2021-03-23","花蓮縣","323,441","46","0","46","0.01%","0","0.00%"
"705","2021-03-23","彰化縣","1,262,673","22","12","34","0.00%","0","0.00%"
"712","2021-03-23","嘉義市","265,416","0","33","33","0.01%","0","0.00%"
"711","2021-03-23","苗栗縣","541,226","11","10","21","0.00%","0","0.00%"
"716","2021-03-23","南投縣","489,148","9","10","19","0.00%","0","0.00%"
"706","2021-03-23","雲林縣","674,622","0","11","11","0.00%","0","0.00%"
"708","2021-03-23","基隆市","367,088","10","0","10","0.00%","0","0.00%"
"710","2021-03-23","新竹市","452,229","10","0","10","0.00%","0","0.00%"
"717","2021-03-23","澎湖縣","105,905","10","0","10","0.01%","0","0.00%"
"718","2021-03-23","金門縣","140,325","0","0","0","0.00%","0","0.00%"
"719","2021-03-23","連江縣","13,403","0","0","0","0.00%","0","0.00%"
"247","2021-03-22","高雄市","2,760,028","0","353","353","0.01%","0","0.00%"
"244","2021-03-22","桃園市","2,270,971","0","343","343","0.02%","0","0.00%"
"242","2021-03-22","臺北市","2,581,006","0","301","301","0.01%","0","0.00%"
"243","2021-03-22","新北市","4,027,730","0","131","131","0.00%","0","0.00%"
"245","2021-03-22","臺中市","2,820,979","0","103","103","0.00%","0","0.00%"
"253","2021-03-22","宜蘭縣","452,355","0","52","52","0.01%","0","0.00%"
"246","2021-03-22","臺南市","1,871,224","0","50","50","0.00%","0","0.00%"
"258","2021-03-22","花蓮縣","323,441","0","46","46","0.01%","0","0.00%"
"248","2021-03-22","新竹縣","572,422","0","45","45","0.01%","0","0.00%"
"251","2021-03-22","屏東縣","809,765","0","40","40","0.00%","0","0.00%"
"257","2021-03-22","嘉義縣","497,641","0","33","33","0.01%","0","0.00%"
"249","2021-03-22","彰化縣","1,262,673","0","21","21","0.00%","0","0.00%"
"255","2021-03-22","苗栗縣","541,226","0","11","11","0.00%","0","0.00%"
"252","2021-03-22","基隆市","367,088","0","10","10","0.00%","0","0.00%"
"254","2021-03-22","新竹市","452,229","0","10","10","0.00%","0","0.00%"
"259","2021-03-22","臺東縣","214,599","0","10","10","0.00%","0","0.00%"
"261","2021-03-22","澎湖縣","105,905","0","10","10","0.01%","0","0.00%"
"260","2021-03-22","南投縣","489,148","0","9","9","0.00%","0","0.00%"
"250","2021-03-22","雲林縣","674,622","0","0","0","0.00%","0","0.00%"
"256","2021-03-22","嘉義市","265,416","0","0","0","0.00%","0","0.00%"
"262","2021-03-22","金門縣","140,325","0","0","0","0.00%","0","0.00%"
"263","2021-03-22","連江縣","13,403","0","0","0","0.00%","0","0.00%"
"638","2021-03-21","高雄市","2,760,028","0","353","353","0.01%","0","0.00%"
"635","2021-03-21","桃園市","2,270,971","0","343","343","0.02%","0","0.00%"
"633","2021-03-21","臺北市","2,581,006","0","301","301","0.01%","0","0.00%"
"634","2021-03-21","新北市","4,027,730","0","131","131","0.00%","0","0.00%"
"636","2021-03-21","臺中市","2,820,979","0","103","103","0.00%","0","0.00%"
"644","2021-03-21","宜蘭縣","452,355","0","52","52","0.01%","0","0.00%"
"637","2021-03-21","臺南市","1,871,224","0","50","50","0.00%","0","0.00%"
"649","2021-03-21","花蓮縣","323,441","0","46","46","0.01%","0","0.00%"
"639","2021-03-21","新竹縣","572,422","0","45","45","0.01%","0","0.00%"
"642","2021-03-21","屏東縣","809,765","0","40","40","0.00%","0","0.00%"
"648","2021-03-21","嘉義縣","497,641","0","33","33","0.01%","0","0.00%"
"640","2021-03-21","彰化縣","1,262,673","0","21","21","0.00%","0","0.00%"
"646","2021-03-21","苗栗縣","541,226","0","11","11","0.00%","0","0.00%"
"643","2021-03-21","基隆市","367,088","0","10","10","0.00%","0","0.00%"
"645","2021-03-21","新竹市","452,229","0","10","10","0.00%","0","0.00%"
"650","2021-03-21","臺東縣","214,599","0","10","10","0.00%","0","0.00%"
"652","2021-03-21","澎湖縣","105,905","0","10","10","0.01%","0","0.00%"
"651","2021-03-21","南投縣","489,148","0","9","9","0.00%","0","0.00%"
"641","2021-03-21","雲林縣","674,622","0","0","0","0.00%","0","0.00%"
"647","2021-03-21","嘉義市","265,416","0","0","0","0.00%","0","0.00%"
"653","2021-03-21","金門縣","140,325","0","0","0","0.00%","0","0.00%"
"654","2021-03-21","連江縣","13,403","0","0","0","0.00%","0","0.00%"